USE maturita;


INSERT INTO users (id, username, password)
VALUES 
(1, "example", md5("12345")),
(2, "second", md5("12345"));


INSERT INTO study_sets (id, user_id, title, description)
VALUES
(1, 1, "Lektion 13", "13. lekce německých slovíček z učebnice"),
(2, 1, "Lektion 14", "14. lekce německých slovíček z učebnice"),
(3, 1, "Lektion 15", "15. lekce německých slovíček z učebnice"),
(4, 2, "Test", "testovaci balicek druheho uzivatele");


INSERT INTO cards (id, study_set_id, front_text, back_text)
VALUES
(1, 1, "4 °C (vier Grad Celsius)", "4 stupně"),
(2, 1, "die Accessoires", "doplňky"),
(3, 1, "aktuẹll", "aktuální"),
(4, 1, "allerdịngs", "ovšem, avšak"),
(5, 1, "der Ạlltag (j. č.)", "všední den"),
(6, 1, "ạltmodisch", "staromódní, nemoderní"),
(7, 1, "ạn|probieren (h. anprobiert)", "zkusit (si), vyzkoušet si (oblečení, boty)"),
(8, 1, "der Ạnzug, Anzüge", "oblek"),
(9, 1, "die Ạrmbanduhr, -en", "náramkové hodinky"),
(10, 1, "auf keinen Fall", "v žádném případě"),
(11, 1, "auf|passen (h. aufgepasst) (auf + 4. p.)", "dávat pozor, dohlížet (na koho, co)"),
(12, 1, "die Augenbraue, -n", "obočí"),
(13, 1, "aus|leihen (h. ausgeliehen)", "vypůjčit, půjčit"),
(14, 1, "der Ausschnitt, -e", "výstřih"),
(15, 1, "der Ausverkauf, Ausverkäufe", "výprodej"),
(16, 1, "die Badehose, -n", "(pánské) plavky"),
(17, 1, "der Berịcht, -e", "zpráva"),
(18, 1, "betonen (h. betont)", "zdůraznit"),
(19, 1, "bewọ̈lkt", "zatažený"),
(20, 1, "der BH (Büstenhalter)", "podprsenka"),
(21, 1, "der Bikini, -s", "bikiny"),
(22, 1, "der Blazer, -", "sportovní sako, blejzr"),
(23, 1, "blịtzen (h. geblitzt)", "blýskat se"),
(24, 1, "die Bluse, -n", "halenka, blůza"),
(25, 1, "die Bọxershorts", "boxerky"),
(26, 1, "das Detail, -s", "detail"),
(27, 1, "dezẹnt", "decentní"),
(28, 1, "Die schwarze Lederhose steht dir gut.", "Ty černé kožené kalhoty ti sluší."),
(29, 1, "Die Sonne scheint.", "Slunce svítí."),
(30, 1, "dọnnern (h. gedonnert)", "hřmět"),
(31, 1, "ein|packen (h. eingepackt)", "(za)balit"),
(32, 1, "einverstanden", "srozuměný"),
(33, 1, "elegạnt", "elegantní"),
(34, 1, "die Empfehlung, -en", "doporučení, rada"),
(35, 1, "ẹng", "úzký"),
(36, 1, "erfahren (h. erfahren)", "dozvědět se"),
(37, 1, "Es blitzt.", "Blýská se."),
(38, 1, "Es donnert.", "Hřmí."),
(39, 1, "Es friert.", "Mrzne."),
(40, 1, "Es regnet.", "Prší."),
(41, 1, "Es schneit.", "Sněží."),
(42, 1, "extravagạnt", "extravagantní"),
(43, 1, "fein", "jemný"),
(44, 1, "die Figur, -en", "postava"),
(45, 1, "flạch", "rovný; nízký"),
(46, 1, "der Flịpflop, -s", "žabka (bota)"),
(47, 1, "der Flyer, -", "leták"),
(48, 1, "frieren (h. gefroren)", "mrznout"),
(49, 1, "das Gefühl, -e", "smysl, cit"),
(50, 1, "gepụnktet", "puntíkovaný"),
(51, 1, "Gern geschehen.", "Rádo se stalo."),
(52, 1, "geschehen (i. gechehen)", "dít se, stát se"),
(53, 1, "gestreift", "pruhovaný"),
(54, 1, "das Gewịtter, -", "bouřka"),
(55, 1, "gewöhnlich", "obyčejný, normální"),
(56, 1, "das Grad", "stupeň (Celsia…)"),
(57, 1, "großartig", "(hovor.) úžasný, super"),
(58, 1, "die Größe, -n", "velikost"),
(59, 1, "der Gụmmistiefel, -", "holínka, gumák"),
(60, 1, "der Gụ̈rtel, -", "pásek"),
(61, 1, "der Hạlbschuh, -e", "polobotka"),
(62, 1, "der Hạndschuh, -e", "rukavice"),
(63, 1, "die Hạndtasche, -n", "kabelka"),
(64, 1, "heiß", "horký"),
(65, 1, "heiter", "jasný, slunečný"),
(66, 1, "das Hẹmd, -en", "košile"),
(67, 1, "die Höchsttemperatur, -en", "nejvyšší teplota"),
(68, 1, "die Hose, -n", "kalhoty"),
(69, 1, "das Höschen, -", "kalhotky"),
(70, 1, "der Hut, Hüte", "klobouk"),
(71, 1, "die Jạcke, -n", "bunda"),
(72, 1, "die Jeans", "džíny"),
(73, 1, "die Jọgginghose, -n", "sportovní kalhoty, tepláky"),
(74, 1, "die Kạppe, -n", "čapka, kšiltovka"),
(75, 1, "die Kẹtte, -n", "řetízek"),
(76, 1, "das Kleid, -er", "šaty"),
(77, 1, "das Kleidungsstück, -e", "kus oděvu, oděv (např. tričko)"),
(78, 1, "kombinieren (h. kombiniert)", "kombinovat"),
(79, 1, "der Kragen, -/Krägen", "límeček"),
(80, 1, "die Krawạtte, -n", "kravata"),
(81, 1, "kühl", "chladný"),
(82, 1, "das Leben, -", "život"),
(83, 1, "die Lederhose, -n", "kožené kalhoty"),
(84, 1, "leger", "ležérní"),
(85, 1, "die Lẹggins", "legíny"),
(86, 1, "das Make-up, -s", "make-up"),
(87, 1, "der Mạntel, Mäntel", "kabát"),
(88, 1, "die Mạrkenkleidung (j. č.)", "značkové oblečení"),
(89, 1, "die Modepolizei (j. č.)", "módní policie"),
(90, 1, "die Mụ̈tze, -n", "čepice"),
(91, 1, "neblig", "mlhavý"),
(92, 1, "nẹnnen (h. genannt)", "(po)jmenovat, naz(ý)vat"),
(93, 1, "der Ohrring, -e", "náušnice"),
(94, 1, "OK, los geht’s.", "OK, tak pojďme."),
(95, 1, "das Outfit, -s", "outfit"),
(96, 1, "pạssen (h. gepasst)", "padnout, sedět (oblečení)"),
(97, 1, "das Piercing, -s", "piercing"),
(98, 1, "der Pullover, -", "svetr"),
(99, 1, "der Pụmps, -", "lodička (bota)"),
(100, 1, "der Regenschirm, -e", "deštník"),
(101, 1, "regnen (h. geregnet)", "pršet"),
(102, 1, "der Rịng, -e", "prsten"),
(103, 1, "der Rọck, Röcke", "sukně"),
(104, 1, "der Rụcksack, Rucksäcke", "batoh"),
(105, 1, "das/der Sạkko, -s", "sako"),
(106, 1, "die Sandale, -n", "sandál"),
(107, 1, "Seid ihr damit einverstanden?", "Souhlasíte s tím?"),
(108, 1, "seriös", "seriózní"),
(109, 1, "die Shorts", "šortky"),
(110, 1, "der Schal, -s", "šála"),
(111, 1, "der Schauer, -", "přeháňka"),
(112, 1, "scheinen (h. geschienen)", "svítit"),
(113, 1, "schịck", "šik, elegantní"),
(114, 1, "der Schlafanzug, Schlafanzüge", "pyžamo"),
(115, 1, "schneien (h. geschneit)", "sněžit"),
(116, 1, "der Schnürschuh, -e", "šněrovací bota"),
(117, 1, "die Skinny-Jeans", "úzké džíny, skinny džíny"),
(118, 1, "die Sọcke, -n", "ponožka"),
(119, 1, "sogar", "dokonce (i)"),
(120, 1, "die Sohle, -n", "podrážka"),
(121, 1, "die Sọnne (j. č.)", "slunce"),
(122, 1, "die Sọnnenbrille, -n", "sluneční brýle"),
(123, 1, "sọnnig", "slunečný"),
(124, 1, "der Spọrtschuh, -e", "sportovní bota"),
(125, 1, "das Sprịchwort, Sprichwörter", "přísloví, pořekadlo"),
(126, 1, "stehen (h. gestanden)", "zde: padnout, sedět (o oblečení)"),
(127, 1, "steigen (i. gestiegen)", "stoupat"),
(128, 1, "der Stiefel, -", "kozačka, vysoká bota"),
(129, 1, "der Stil, -e", "styl"),
(130, 1, "stilgerecht", "stylový"),
(131, 1, "der Strịckpullover, -", "pletený svetr"),
(132, 1, "die Strụmpfhose, -n", "punčocháče"),
(133, 1, "stụ̈rmisch", "bouřlivý, rozbouřený"),
(134, 1, "stylen (h. gestylt)", "upravit, zkrášlit"),
(135, 1, "das Sweatshirt, -s", "mikina"),
(136, 1, "teilweise bedẹckt", "částečně zataženo"),
(137, 1, "die Temperatur, -en", "teplota"),
(138, 1, "das Tọp, -s", "top"),
(139, 1, "der Trẹkkingschuh, -e", "treková bota"),
(140, 1, "das Tuch, Tücher", "šátek"),
(141, 1, "die Tunika, Tuniken", "tunika"),
(142, 1, "der Typ, -en", "typ"),
(143, 1, "die Ụmkleidekabine, -n", "převlékací kabina"),
(144, 1, "die Wahl, -en", "volba, výběr"),
(145, 1, "die Wạrnung, -en", "výstraha, varování"),
(146, 1, "wẹchselhaft", "proměnlivý"),
(147, 1, "weit", "široký"),
(148, 1, "das Wẹtter (j. č.)", "počasí"),
(149, 1, "die Wẹtter-App, -s", "aplikace na počasí"),
(150, 1, "die Wẹttervorhersage, -n", "předpověď počasí"),
(151, 1, "wịndig", "větrný"),
(152, 1, "wọlkig", "oblačný, zamračený"),
(153, 1, "zerrịssen", "roztrhaný"),
(154, 1, "zusạmmen|passen (h. zusammengepasst)", "hodit se k sobě"),
(155, 2, "ạbhängig sein (von + 3. p.)", "být závislý (na)"),
(156, 2, "der Alkohol (j. č.)", "alkohol"),
(157, 2, "die Allergie, -n", "alergie"),
(158, 2, "ạn|führen (h. angeführt)", "uvést, vyjmenovat"),
(159, 2, "die Angina, Anginen", "angína"),
(160, 2, "ạnstrengend", "namáhavý"),
(161, 2, "der Ạrm, -e", "paže, ruka"),
(162, 2, "der Arzt, Ärzte", "lékař"),
(163, 2, "atmen (h. geatmet)", "dýchat"),
(164, 2, "auf|hören (h. aufgehört) (mit + 3. p.)", "skončit (s čím)"),
(165, 2, "das Auge, -n", "oko"),
(166, 2, "außerdem", "mimo to, kromě toho"),
(167, 2, "der Bart, Bärte", "vousy"),
(168, 2, "der Bauch, Bäuche", "břicho"),
(169, 2, "die Behạndlung, -en", "léčba, ošetření"),
(170, 2, "beim Arzt", "u lékaře"),
(171, 2, "das Bein, -e", "noha"),
(172, 2, "die Beschwerde, -n", "potíže, bolesti"),
(173, 2, "die Bịndehautentzündung, -en", "zánět spojivek"),
(174, 2, "blọnd", "blond"),
(175, 2, "bluten (h. geblutet)", "krvácet"),
(176, 2, "brẹnnen (h. gebrannt)", "pálit"),
(177, 2, "die Brụst (j. č.)/ Brüste", "hrudník/prsa"),
(178, 2, "dafür", "pro (to)"),
(179, 2, "dagegen", "proti (tomu)"),
(180, 2, "darụm", "proto, z toho důvodu"),
(181, 2, "dẹnn", "neboť, protože, poněvadž"),
(182, 2, "dẹshạlb", "proto, tedy, tudíž"),
(183, 2, "die Diät, -en", "dieta"),
(184, 2, "dịcht", "hustý"),
(185, 2, "die Droge, -n", "droga"),
(186, 2, "dụ̈nn", "hubený, vyzáblý"),
(187, 2, "der Dụrchfall, Durchfälle", "průjem"),
(188, 2, "dụrchschnittlich", "průměrný, průměrně"),
(189, 2, "der Ẹllbogen, -", "loket"),
(190, 2, "erkạ̈ltet", "nachlazený"),
(191, 2, "faulenzen (h. gefaulenzt)", "lenošit"),
(192, 2, "das Faultier, -e", "(hovor.) lenoch, povaleč"),
(193, 2, "fehlen (h. gefehlt)", "chybět"),
(194, 2, "das Fẹtt, -e", "tuk"),
(195, 2, "fẹttarm", "nízkotučný"),
(196, 2, "das Fieber (j. č.)", "horečka"),
(197, 2, "der Fịnger, -", "prst"),
(198, 2, "fọlgend", "následující"),
(199, 2, "der Freak, -s", "nadšenec, fanoušek"),
(200, 2, "froh", "rád"),
(201, 2, "gamen (h. gegamt)", "hrát na počítači"),
(202, 2, "der Gamer, -", "počítačový hráč"),
(203, 2, "die Gạ̈nsehaut (j. č.)", "husí kůže"),
(204, 2, "das Gehịrn, -e", "mozek"),
(205, 2, "genug", "dost, dostatečně"),
(206, 2, "das Gesäß, -e", "hýždě, zadek"),
(207, 2, "das Gesịcht, -er", "obličej"),
(208, 2, "die Gesụndheit", "(j. č.) zdraví"),
(209, 2, "Gesundheit!", "Na zdraví! (při kýchnutí)"),
(210, 2, "der Gịps (j. č.)", "sádra"),
(211, 2, "glạtt", "hladký, rovný (vlasy)"),
(212, 2, "die Glạtze, -n", "pleš"),
(213, 2, "der Glụ̈ckwunsch, Glückwünsche", "gratulace, blahopřání"),
(214, 2, "die Grịppe, -n", "chřipka"),
(215, 2, "Gute Besserung!", "Brzké uzdravení!"),
(216, 2, "das Haar, -e", "vlas, chlup"),
(217, 2, "der Hạls, Hälse", "krk"),
(218, 2, "hạssen (h. gehasst)", "nenávidět"),
(219, 2, "die Hụ̈lsenfrüchte", "luštěniny"),
(220, 2, "der Husten (j. č.)", "kašel"),
(221, 2, "Hustensaft nehmen", "brát sirup proti kašli"),
(222, 2, "der Hustensaft, Hustensäfte", "sirup proti kašli"),
(223, 2, "Ich habe Halsschmerzen.", "Bolí mě v krku."),
(224, 2, "Ich habe mich verbrannt.", "Spálil/a jsem se."),
(225, 2, "Ich habe mich verletzt.", "Zranil/a jsem se."),
(226, 2, "Ich habe mir das Bein gebrochen.", "Zlomil/a jsem si nohu."),
(227, 2, "Ich habe mir den Fuß verstaucht.", "Vyvrtl/a jsem si nohu."),
(228, 2, "die Ịmpfung, -en", "očkování"),
(229, 2, "ịrgendwie", "nějak"),
(230, 2, "der/die Jugendliche, -n", "mladistvý, mladistvá"),
(231, 2, "kapụtt", "zničený, vyčerpaný"),
(232, 2, "das Kịnn, -e", "brada"),
(233, 2, "das Knie, -", "koleno"),
(234, 2, "der Kọpf, Köpfe", "hlava"),
(235, 2, "der Kọ̈rper, -", "tělo"),
(236, 2, "krạnk", "nemocný"),
(237, 2, "die Krạnkenkasse, -n", "zdravotní pojišťovna"),
(238, 2, "die Krạnkheit, -en", "nemoc, choroba"),
(239, 2, "die Leistung, -en", "výkon"),
(240, 2, "die Lịppe, -n", "ret"),
(241, 2, "lösen (h. gelöst)", "uvolnit"),
(242, 2, "die Lụtschtablette, -n", "cucací tableta"),
(243, 2, "die Magen-Dạrm-Grippe, -n", "střevní chřipka"),
(244, 2, "Meine Nase läuft. (hovor.)", "Mám rýmu. Teče mi z nosu."),
(245, 2, "die Meinung, -en", "názor, mínění"),
(246, 2, "mẹnschlicher Kọ̈rper", "lidské tělo"),
(247, 2, "der Mụnd, Münder", "ústa"),
(248, 2, "die Nạrbe, -n", "jizva"),
(249, 2, "die Nase, -n", "nos"),
(250, 2, "Nasenspray anwenden", "používat nosní sprej"),
(251, 2, "der/das Nasenspray, -s", "nosní sprej"),
(252, 2, "niesen (h. geniest)", "kýchat"),
(253, 2, "der Notarzt, Notärzte", "lékař pohotovostní služby"),
(254, 2, "der Oberkörper, -", "horní část těla, trup"),
(255, 2, "das Ohr, -en", "ucho"),
(256, 2, "oval", "oválný"),
(257, 2, "der Patiẹnt, -en", "pacient"),
(258, 2, "das Pflạster, -", "náplast"),
(259, 2, "regelmäßig", "pravidelně, pravidelný"),
(260, 2, "das Rọ̈ntgenbild, -er", "rentgenový snímek"),
(261, 2, "rot", "zrzavý (vlasy)"),
(262, 2, "der Rụ̈cken, -", "záda"),
(263, 2, "rụnd", "kulatý"),
(264, 2, "Salbe auftragen", "nanést mast"),
(265, 2, "die Sạlbe, -n", "mast"),
(266, 2, "schaden (h. geschadet) (+ 3. p.)", "škodit, ubližovat (komu, čemu)"),
(267, 2, "schädigen (h. geschädigt) (+ 4. p.)", "poškodit (koho, co)"),
(268, 2, "der Schmẹrz, -en", "bolest"),
(269, 2, "der Schnụpfen, -", "rýma"),
(270, 2, "die Schụlter, -n", "rameno"),
(271, 2, "schwạch", "slabý"),
(272, 2, "schwịndelig", "špatně, mdlo"),
(273, 2, "schwịtzen (h. geschwitzt)", "potit se"),
(274, 2, "(sich) brẹchen (h. gebrochen)", "zlomit (si)"),
(275, 2, "sich erbrẹchen (h. erbrochen)", "zvracet"),
(276, 2, "(sich) fühlen (h. gefühlt)", "cítit (se)"),
(277, 2, "(sich) verbrẹnnen (h. verbrannt)", "spálit (se), popálit (se)"),
(278, 2, "(sich) verlẹtzen (h. verletzt)", "zranit (se)"),
(279, 2, "die Social Media", "sociální média"),
(280, 2, "die Sọmmersprosse, -n", "piha"),
(281, 2, "sọndern", "nýbrž"),
(282, 2, "soziales Netzwerk / soziale Netzwerke", "sociální síť / sociální sítě"),
(283, 2, "die Sprịtze, -n", "injekce, injekční stříkačka"),
(284, 2, "die Stịmme, -n", "hlas"),
(285, 2, "die Stịrn, -en", "čelo"),
(286, 2, "der Stụrz, Stürze", "pád"),
(287, 2, "die Sụcht, Süchte", "závislost"),
(288, 2, "die Tablẹtte, -n", "tableta"),
(289, 2, "Tabletten nehmen", "brát tabletky"),
(290, 2, "teilen (h. geteilt)", "sdílet"),
(291, 2, "das/der Thermometer, -", "teploměr"),
(292, 2, "die Trọpfen", "kapky"),
(293, 2, "trotzdem", "přesto"),
(294, 2, "übel", "zle, špatně"),
(295, 2, "der Ụmschlag, Umschläge", "obklad, zábal"),
(296, 2, "untersuchen (h. untersucht)", "prohlédnout vyšetřit (pacienta)"),
(297, 2, "der Verbạnd, Verbände", "obvaz"),
(298, 2, "Verbrauchen (h. verbraucht)", "spotřebovat, vyčerpat"),
(299, 2, "Verschreiben (h. verschrieben)", "předepsat, naordinovat"),
(300, 2, "die Versịcherung, -en", "pojištění"),
(301, 2, "Verstauchen (h. verstaucht)", "vymknout, vyvrtnout"),
(302, 2, "die Verstọpfung, -en", "zácpa"),
(303, 2, "vorbei|kommen (i. vorbeigekommen)", "hovor. zastavit se, krátce navštívit"),
(304, 2, "die Wạnge, -n", "tvář, líce"),
(305, 2, "Was fehlt Ihnen denn?", "Copak Vám schází?"),
(306, 2, "weh|tun (h. wehgetan)", "j-m bolet"),
(307, 2, "die Wịmper, -n", "řasa"),
(308, 2, "wohl", "dobře"),
(309, 2, "der Zahn, Zähne", "zub"),
(310, 2, "der Zeh, -en", "prst (na noze)"),
(311, 2, "die Zigarẹtte, -n", "cigareta"),
(312, 2, "die Zụnge, -n", "jazyk"),
(313, 2, "zweieinhạlb", "dva a půl"),
(314, 2, "die Zwischenmenschlichen Beziehungen", "mezilidské vztahy"),
(315, 3, "die Ạbfahrt, -en", "sjezd (na lyžích)"),
(316, 3, "ạls", "když"),
(317, 3, "ạ̈ndern (h. geändert)", "(z)měnit, upravit"),
(318, 3, "ạnerkannt", "uznaný"),
(319, 3, "der Ạnfänger, -", "začátečník"),
(320, 3, "das Ạngeln (j. č.)", "rybolov"),
(321, 3, "die Angst, Ängste", "strach"),
(322, 3, "der Artikel, -", "článek"),
(323, 3, "die Athletik (j. č.)", "atletika"),
(324, 3, "die Ausrüstung, -en", "výstroj, vybavení"),
(325, 3, "das Autorennen (j. č.)", "automobilové závody"),
(326, 3, "der Bạch, Bäche", "potok"),
(327, 3, "der Bạll, Bälle", "míč"),
(328, 3, "der Basketball (j. č.)", "basketbal"),
(329, 3, "die Belohnung, -en (für + 4. p.)", "odměna (za co)"),
(330, 3, "die Bewegung, -en", "pohyb"),
(331, 3, "der/das Biathlon (j. č.)", "biatlon"),
(332, 3, "Billard-, Federball", "kulečníková koule, badmintonový míček"),
(333, 3, "das Bọxen (j. č.)", "box"),
(334, 3, "die Buchung, -en", "rezervace"),
(335, 3, "dar|stellen (h. dargestellt)", "představovat"),
(336, 3, "der Diabetes (j. č.)", "diabetes, cukrovka"),
(337, 3, "eher", "spíše"),
(338, 3, "ein Tor schießen", "dát gól, dát branku"),
(339, 3, "der Einzelsport (j. č.)", "individuální sport"),
(340, 3, "der Eiskunstlauf (j. č.)", "krasobruslení"),
(341, 3, "der Elfmeter, -", "pokutový kop, penalta"),
(342, 3, "das Ereignis, -se", "událost"),
(343, 3, "das Fẹchten (j. č.)", "šerm"),
(344, 3, "das Fịtnessstudio, -s", "fitness studio"),
(345, 3, "fleißig", "pilný, pracovitý"),
(346, 3, "der Floorball (j. č.)", "florbal"),
(347, 3, "die Fọlge, -n (von + 3. p.)", "následek, důsledek (čeho)"),
(348, 3, "der Fọrtgeschrittene, -n", "pokročilý"),
(349, 3, "das Foul, -s", "faul"),
(350, 3, "foulen (h. gefoult)", "faulovat"),
(351, 3, "die Funktionswäsche, -n", "funkční prádlo"),
(352, 3, "genießen (h. genossen)", "užívat (si), vychutnávat (si)"),
(353, 3, "gesẹllig", "společenský, družný"),
(354, 3, "der Gleichstand, Gleichstände", "vyrovnaný stav (zápasu)"),
(355, 3, "das Gọlf (j. č.)", "golf"),
(356, 3, "der Grụnd, Gründe", "důvod"),
(357, 3, "die Grụppenermäßigung, -en", "skupinová sleva"),
(358, 3, "die Gymnạstik, -en", "gymnastika"),
(359, 3, "die Hạlle, -n", "hala"),
(360, 3, "hạlten (h. gehalten) (von + 3. p.)", "myslet si, soudit (o kom, čem)"),
(361, 3, "der Hạndball (j. č.)", "házená"),
(362, 3, "der Hạndschuh, -e", "rukavice"),
(363, 3, "die Heimatstadt, Heimatstädte", "rodné město"),
(364, 3, "der Hẹlm, -e", "helma, přilba"),
(365, 3, "das Hẹrz, -en", "srdce"),
(366, 3, "die Họffnung (j. č.)", "naděje"),
(367, 3, "kạ̈mpfen (h. gekämpft) (gegen + 4. p.)", "bojovat (proti komu)"),
(368, 3, "Knie-, Handgelenk-, Ellbogenschützer", "chrániče kolen, zápěstí, loktů"),
(369, 3, "der Knọchen, -", "kost"),
(370, 3, "die Kondition (j. č.)", "kondice"),
(371, 3, "Kondition aufbauen/verbessern", "vybudovat/zlepšit kondici"),
(372, 3, "das Krạfttraining, -s", "posilování"),
(373, 3, "der Krebs (j. č.)", "rakovina"),
(374, 3, "der Lebensstil, -e", "životní styl"),
(375, 3, "die Lụft (j. č.)", "vzduch"),
(376, 3, "der Mạnnschaftssport (j. č.)", "týmový sport"),
(377, 3, "die Milliạrde, -n", "miliarda"),
(378, 3, "mịndestens", "nejméně, aspoň, přinejmenším"),
(379, 3, "der Mụskel, -n", "sval"),
(380, 3, "die Nationalmannschaft, -en", "národní mužstvo, reprezentace"),
(381, 3, "der Neoprenanzug, Neoprenanzüge", "neopren"),
(382, 3, "die Nẹrven", "nervy"),
(383, 3, "das Nẹtz, -e", "síť"),
(384, 3, "obwohl", "ačkoli, třebaže, přestože"),
(385, 3, "pạssiv", "pasivní"),
(386, 3, "die Pịste, -n", "sjezdovka"),
(387, 3, "der Rabạtt, -e", "sleva"),
(388, 3, "das Reiten (j. č.)", "jízda na koni"),
(389, 3, "das Remis, -", "remíza"),
(390, 3, "rẹnnen (i. gerannt)", "běžet, běhat"),
(391, 3, "das Segeln (j. č.)", "jachting"),
(392, 3, "das Seil, -e", "lano"),
(393, 3, "das/der Sẹt, -s", "set, sada, souprava"),
(394, 3, "der Schiedsrichter, -", "rozhodčí"),
(395, 3, "schießen (h. geschossen)", "střílet"),
(396, 3, "der Schläger, -", "raketa, hokejka, pálka"),
(397, 3, "der Schụ̈tzer, -", "chránič"),
(398, 3, "sich befịnden (h. sich befunden)", "nacházet se, být"),
(399, 3, "Ski-, Box-, Halbhandschuhe", "lyžařské rukavice, boxerské rukavice, rukavice s ustřiženými prsty"),
(400, 3, "das Skispringen (j. č.)", "skoky na lyžích"),
(401, 3, "der Skistock, Skistöcke", "lyžařská hůlka"),
(402, 3, "das Spielfeld, -er", "hřiště"),
(403, 3, "die Spielregel, -n", "pravidlo hry"),
(404, 3, "der Spielschluss, Spielschlüsse", "konec hry"),
(405, 3, "die Spọrtergebnisse", "sportovní výsledky"),
(406, 3, "der Spọrtplatz, Sportplätze", "sportovní hřiště"),
(407, 3, "die Spọrtsachen", "sportovní potřeby, pomůcky"),
(408, 3, "stạrk", "silný"),
(409, 3, "die Strafe, -n", "trest"),
(410, 3, "der Stụ̈rmer, -", "útočník"),
(411, 3, "die Tạktik, -en", "taktika"),
(412, 3, "das Tauchen (j. č.)", "potápění"),
(413, 3, "Tennis-, Baseball-, Golf-, Hockeyschläger", "tenisová raketa, baseballová pálka, golfová hůl, hokejka"),
(414, 3, "die Thẹrmowäsche (j. č.)", "termoprádlo"),
(415, 3, "das Tịschtennis (j. č.)", "stolní tenis"),
(416, 3, "das Tor, -e", "branka, brána"),
(417, 3, "der Torwart, -e", "brankář"),
(418, 3, "trainieren (h. trainiert)", "trénovat"),
(419, 3, "das Trikot, -s", "trikot, dres"),
(420, 3, "das Turnier, -e", "turnaj, soutěž"),
(421, 3, "der Tụrnschuh, -e", "teniska"),
(422, 3, "überhaupt", "vůbec"),
(423, 3, "übersprịngen (h. übersprungen)", "přeskočit"),
(424, 3, "übertrieben", "přehnaný"),
(425, 3, "das Ụnentschieden, -", "remíza"),
(426, 3, "der Verein, -e", "spolek, klub"),
(427, 3, "der Verleih, -e", "půjčovna"),
(428, 3, "verlieren (h. verloren)", "prohrát"),
(429, 3, "verọ̈ffentlichen (h. veröffentlicht)", "zveřejnit, publikovat"),
(430, 3, "der Verteidiger, -", "obránce"),
(431, 3, "der Vọlleyball (j. č.)", "volejbal"),
(432, 3, "weinen (h. geweint)", "plakat"),
(433, 3, "wẹnn", "když"),
(434, 3, "der Wẹttkampf, Wettkämpfe", "závod, soutěž, zápas"),
(435, 3, "zaubern (h. gezaubert)", "kouzlit"),
(436, 3, "zugleich", "zároveň, současně"),
(437, 3, "der Zuschauer, -", "divák"),
(438, 3, "die Zuschauerin, -nen", "divačka");
